{
	"key": "476755d0c60b25e0cd24dad1",
	"addrs": [
		{
			"addr": {
				"id": "dd103f8d040af57edeee0e4f71fab1ecbce8814d",
				"ip": "185.172.191.12",
				"port": 26656
			},
			"src": {
				"id": "fcfcf919c0fa1ade48ee481cac2c98172d3e98b3",
				"ip": "0.0.0.0",
				"port": 26656
			},
			"buckets": [
				161
			],
			"attempts": 0,
			"bucket_type": 1,
			"last_attempt": "2023-01-12T23:18:43.424855513+01:00",
			"last_success": "0001-01-01T00:00:00Z",
			"last_ban_time": "0001-01-01T00:00:00Z"
		},
		{
			"addr": {
				"id": "6e3f19e39961a59ad200a61a8bd30eb01f5a7c72",
				"ip": "167.71.55.25",
				"port": 26656
			},
			"src": {
				"id": "fcfcf919c0fa1ade48ee481cac2c98172d3e98b3",
				"ip": "0.0.0.0",
				"port": 26656
			},
			"buckets": [
				243
			],
			"attempts": 0,
			"bucket_type": 1,
			"last_attempt": "2023-01-12T23:18:43.42461646+01:00",
			"last_success": "0001-01-01T00:00:00Z",
			"last_ban_time": "0001-01-01T00:00:00Z"
		},
		{
			"addr": {
				"id": "6a802c5cfa138649a513e5e55a7766c82cc0cf45",
				"ip": "188.166.202.55",
				"port": 26656
			},
			"src": {
				"id": "fcfcf919c0fa1ade48ee481cac2c98172d3e98b3",
				"ip": "0.0.0.0",
				"port": 26656
			},
			"buckets": [
				63
			],
			"attempts": 0,
			"bucket_type": 1,
			"last_attempt": "2023-01-12T23:18:43.424787475+01:00",
			"last_success": "0001-01-01T00:00:00Z",
			"last_ban_time": "0001-01-01T00:00:00Z"
		},
		{
			"addr": {
				"id": "f26f7db8d1ab39d6908b19f6fda56d4d06b6f68d",
				"ip": "162.55.6.163",
				"port": 26656
			},
			"src": {
				"id": "fcfcf919c0fa1ade48ee481cac2c98172d3e98b3",
				"ip": "0.0.0.0",
				"port": 26656
			},
			"buckets": [
				221
			],
			"attempts": 0,
			"bucket_type": 1,
			"last_attempt": "2023-01-12T23:18:43.424817844+01:00",
			"last_success": "0001-01-01T00:00:00Z",
			"last_ban_time": "0001-01-01T00:00:00Z"
		},
		{
			"addr": {
				"id": "1ee74161c2c18c24d3492e6a7320abab481e2f7d",
				"ip": "95.216.154.254",
				"port": 26656
			},
			"src": {
				"id": "fcfcf919c0fa1ade48ee481cac2c98172d3e98b3",
				"ip": "0.0.0.0",
				"port": 26656
			},
			"buckets": [
				9
			],
			"attempts": 0,
			"bucket_type": 1,
			"last_attempt": "2023-01-12T23:18:43.424829684+01:00",
			"last_success": "0001-01-01T00:00:00Z",
			"last_ban_time": "0001-01-01T00:00:00Z"
		},
		{
			"addr": {
				"id": "09f0c75f8808d32353fa5dcf7ef3283cb4058771",
				"ip": "157.230.24.247",
				"port": 26656
			},
			"src": {
				"id": "fcfcf919c0fa1ade48ee481cac2c98172d3e98b3",
				"ip": "0.0.0.0",
				"port": 26656
			},
			"buckets": [
				176
			],
			"attempts": 0,
			"bucket_type": 1,
			"last_attempt": "2023-01-12T23:18:43.424845583+01:00",
			"last_success": "0001-01-01T00:00:00Z",
			"last_ban_time": "0001-01-01T00:00:00Z"
		},
		{
			"addr": {
				"id": "99de95024cde8d5c8be7e76a06ca4b5587d822b5",
				"ip": "65.109.139.182",
				"port": 26656
			},
			"src": {
				"id": "fcfcf919c0fa1ade48ee481cac2c98172d3e98b3",
				"ip": "0.0.0.0",
				"port": 26656
			},
			"buckets": [
				106
			],
			"attempts": 0,
			"bucket_type": 1,
			"last_attempt": "2023-01-12T23:18:43.424551861+01:00",
			"last_success": "0001-01-01T00:00:00Z",
			"last_ban_time": "0001-01-01T00:00:00Z"
		},
		{
			"addr": {
				"id": "01b6140c9837d9d1a6a62b95686563759e96447d",
				"ip": "65.108.76.60",
				"port": 26656
			},
			"src": {
				"id": "fcfcf919c0fa1ade48ee481cac2c98172d3e98b3",
				"ip": "0.0.0.0",
				"port": 26656
			},
			"buckets": [
				144
			],
			"attempts": 0,
			"bucket_type": 1,
			"last_attempt": "2023-01-12T23:18:43.42461126+01:00",
			"last_success": "0001-01-01T00:00:00Z",
			"last_ban_time": "0001-01-01T00:00:00Z"
		},
		{
			"addr": {
				"id": "9a02a8ffd039d8a916cc08f10ead4f32efe9b13e",
				"ip": "38.242.140.193",
				"port": 26656
			},
			"src": {
				"id": "fcfcf919c0fa1ade48ee481cac2c98172d3e98b3",
				"ip": "0.0.0.0",
				"port": 26656
			},
			"buckets": [
				97
			],
			"attempts": 0,
			"bucket_type": 1,
			"last_attempt": "2023-01-12T23:18:43.424704107+01:00",
			"last_success": "0001-01-01T00:00:00Z",
			"last_ban_time": "0001-01-01T00:00:00Z"
		},
		{
			"addr": {
				"id": "9112e1de6545bb51944307d6cbbdda0e82538077",
				"ip": "82.208.21.89",
				"port": 26656
			},
			"src": {
				"id": "fcfcf919c0fa1ade48ee481cac2c98172d3e98b3",
				"ip": "0.0.0.0",
				"port": 26656
			},
			"buckets": [
				199
			],
			"attempts": 0,
			"bucket_type": 1,
			"last_attempt": "2023-01-12T23:18:43.424739056+01:00",
			"last_success": "0001-01-01T00:00:00Z",
			"last_ban_time": "0001-01-01T00:00:00Z"
		},
		{
			"addr": {
				"id": "1ea7b1b8953cd7e9233d63b47dccb336c89f3596",
				"ip": "65.108.207.160",
				"port": 26656
			},
			"src": {
				"id": "fcfcf919c0fa1ade48ee481cac2c98172d3e98b3",
				"ip": "0.0.0.0",
				"port": 26656
			},
			"buckets": [
				144
			],
			"attempts": 0,
			"bucket_type": 1,
			"last_attempt": "2023-01-12T23:18:43.424751176+01:00",
			"last_success": "0001-01-01T00:00:00Z",
			"last_ban_time": "0001-01-01T00:00:00Z"
		},
		{
			"addr": {
				"id": "82167e0046af1475b2be28582210767bc59b0b1e",
				"ip": "65.21.229.248",
				"port": 26656
			},
			"src": {
				"id": "fcfcf919c0fa1ade48ee481cac2c98172d3e98b3",
				"ip": "0.0.0.0",
				"port": 26656
			},
			"buckets": [
				61
			],
			"attempts": 0,
			"bucket_type": 1,
			"last_attempt": "2023-01-12T23:18:43.424771515+01:00",
			"last_success": "0001-01-01T00:00:00Z",
			"last_ban_time": "0001-01-01T00:00:00Z"
		},
		{
			"addr": {
				"id": "264c52408428af49d2e223e039e0543135112ba3",
				"ip": "37.120.245.74",
				"port": 26656
			},
			"src": {
				"id": "fcfcf919c0fa1ade48ee481cac2c98172d3e98b3",
				"ip": "0.0.0.0",
				"port": 26656
			},
			"buckets": [
				103
			],
			"attempts": 0,
			"bucket_type": 1,
			"last_attempt": "2023-01-12T23:18:43.424653779+01:00",
			"last_success": "0001-01-01T00:00:00Z",
			"last_ban_time": "0001-01-01T00:00:00Z"
		},
		{
			"addr": {
				"id": "6c876ba828632423d8a54607c4af39700bf6922e",
				"ip": "159.69.209.122",
				"port": 26656
			},
			"src": {
				"id": "fcfcf919c0fa1ade48ee481cac2c98172d3e98b3",
				"ip": "0.0.0.0",
				"port": 26656
			},
			"buckets": [
				106
			],
			"attempts": 0,
			"bucket_type": 1,
			"last_attempt": "2023-01-12T23:18:43.424694027+01:00",
			"last_success": "0001-01-01T00:00:00Z",
			"last_ban_time": "0001-01-01T00:00:00Z"
		},
		{
			"addr": {
				"id": "ab21eea9a096de46b5f5b07fc34ed4fb1b67c98c",
				"ip": "125.253.92.223",
				"port": 26656
			},
			"src": {
				"id": "fcfcf919c0fa1ade48ee481cac2c98172d3e98b3",
				"ip": "0.0.0.0",
				"port": 26656
			},
			"buckets": [
				127
			],
			"attempts": 0,
			"bucket_type": 1,
			"last_attempt": "2023-01-12T23:18:43.424680428+01:00",
			"last_success": "0001-01-01T00:00:00Z",
			"last_ban_time": "0001-01-01T00:00:00Z"
		},
		{
			"addr": {
				"id": "c4cd040f8aae13f1c94f44b973b7cc7acf637d99",
				"ip": "95.216.2.232",
				"port": 38656
			},
			"src": {
				"id": "fcfcf919c0fa1ade48ee481cac2c98172d3e98b3",
				"ip": "0.0.0.0",
				"port": 26656
			},
			"buckets": [
				9
			],
			"attempts": 0,
			"bucket_type": 1,
			"last_attempt": "2023-01-12T23:18:43.424557411+01:00",
			"last_success": "0001-01-01T00:00:00Z",
			"last_ban_time": "0001-01-01T00:00:00Z"
		},
		{
			"addr": {
				"id": "4ce3a6780bba3ec5a9b6d4d20cc9a82b2a8c6906",
				"ip": "65.108.101.19",
				"port": 20156
			},
			"src": {
				"id": "fcfcf919c0fa1ade48ee481cac2c98172d3e98b3",
				"ip": "0.0.0.0",
				"port": 26656
			},
			"buckets": [
				144
			],
			"attempts": 0,
			"bucket_type": 1,
			"last_attempt": "2023-01-12T23:18:43.42458722+01:00",
			"last_success": "0001-01-01T00:00:00Z",
			"last_ban_time": "0001-01-01T00:00:00Z"
		},
		{
			"addr": {
				"id": "4276bd14586e3e3d4c7fee99132559b0c16e3d71",
				"ip": "222.106.187.14",
				"port": 54306
			},
			"src": {
				"id": "fcfcf919c0fa1ade48ee481cac2c98172d3e98b3",
				"ip": "0.0.0.0",
				"port": 26656
			},
			"buckets": [
				199
			],
			"attempts": 0,
			"bucket_type": 1,
			"last_attempt": "2023-01-12T23:18:43.424720677+01:00",
			"last_success": "0001-01-01T00:00:00Z",
			"last_ban_time": "0001-01-01T00:00:00Z"
		},
		{
			"addr": {
				"id": "c62ea44e3b5b06d41c094ddf2d45c14e43d9ae85",
				"ip": "65.109.193.165",
				"port": 26656
			},
			"src": {
				"id": "fcfcf919c0fa1ade48ee481cac2c98172d3e98b3",
				"ip": "0.0.0.0",
				"port": 26656
			},
			"buckets": [
				106
			],
			"attempts": 0,
			"bucket_type": 1,
			"last_attempt": "2023-01-12T23:18:43.424756456+01:00",
			"last_success": "0001-01-01T00:00:00Z",
			"last_ban_time": "0001-01-01T00:00:00Z"
		},
		{
			"addr": {
				"id": "e6f5b4a6d816d0997b4882620976f215eccc9095",
				"ip": "65.21.163.229",
				"port": 26656
			},
			"src": {
				"id": "fcfcf919c0fa1ade48ee481cac2c98172d3e98b3",
				"ip": "0.0.0.0",
				"port": 26656
			},
			"buckets": [
				61
			],
			"attempts": 0,
			"bucket_type": 1,
			"last_attempt": "2023-01-12T23:18:43.424570011+01:00",
			"last_success": "0001-01-01T00:00:00Z",
			"last_ban_time": "0001-01-01T00:00:00Z"
		},
		{
			"addr": {
				"id": "5ab823bd68ead92b8ea43316ec29bf48279cfe97",
				"ip": "162.55.0.160",
				"port": 26656
			},
			"src": {
				"id": "fcfcf919c0fa1ade48ee481cac2c98172d3e98b3",
				"ip": "0.0.0.0",
				"port": 26656
			},
			"buckets": [
				221
			],
			"attempts": 0,
			"bucket_type": 1,
			"last_attempt": "2023-01-12T23:18:43.424797715+01:00",
			"last_success": "0001-01-01T00:00:00Z",
			"last_ban_time": "0001-01-01T00:00:00Z"
		},
		{
			"addr": {
				"id": "30b6349310cf2394fabc69e55008df83d6bdaf72",
				"ip": "34.159.27.16",
				"port": 26656
			},
			"src": {
				"id": "fcfcf919c0fa1ade48ee481cac2c98172d3e98b3",
				"ip": "0.0.0.0",
				"port": 26656
			},
			"buckets": [
				61
			],
			"attempts": 0,
			"bucket_type": 1,
			"last_attempt": "2023-01-12T23:18:43.42459227+01:00",
			"last_success": "0001-01-01T00:00:00Z",
			"last_ban_time": "0001-01-01T00:00:00Z"
		},
		{
			"addr": {
				"id": "75ac064fb684fadfc38c2ef87a1242bc54beeda9",
				"ip": "103.180.28.210",
				"port": 26656
			},
			"src": {
				"id": "fcfcf919c0fa1ade48ee481cac2c98172d3e98b3",
				"ip": "0.0.0.0",
				"port": 26656
			},
			"buckets": [
				221
			],
			"attempts": 0,
			"bucket_type": 1,
			"last_attempt": "2023-01-12T23:18:43.42460046+01:00",
			"last_success": "0001-01-01T00:00:00Z",
			"last_ban_time": "0001-01-01T00:00:00Z"
		},
		{
			"addr": {
				"id": "08e154e213407f0ecc495fda5bbfecb50f91a9dc",
				"ip": "95.217.193.182",
				"port": 26656
			},
			"src": {
				"id": "fcfcf919c0fa1ade48ee481cac2c98172d3e98b3",
				"ip": "0.0.0.0",
				"port": 26656
			},
			"buckets": [
				103
			],
			"attempts": 0,
			"bucket_type": 1,
			"last_attempt": "2023-01-12T23:18:43.424638259+01:00",
			"last_success": "0001-01-01T00:00:00Z",
			"last_ban_time": "0001-01-01T00:00:00Z"
		},
		{
			"addr": {
				"id": "c375308169bb5aefda22a4599e0b1ccf8a67005e",
				"ip": "103.50.32.17",
				"port": 26656
			},
			"src": {
				"id": "fcfcf919c0fa1ade48ee481cac2c98172d3e98b3",
				"ip": "0.0.0.0",
				"port": 26656
			},
			"buckets": [
				176
			],
			"attempts": 0,
			"bucket_type": 1,
			"last_attempt": "2023-01-12T23:18:43.424745756+01:00",
			"last_success": "0001-01-01T00:00:00Z",
			"last_ban_time": "0001-01-01T00:00:00Z"
		},
		{
			"addr": {
				"id": "be8afc91d51889c20ff4af33a5ea200dfa71ab55",
				"ip": "109.205.182.127",
				"port": 26656
			},
			"src": {
				"id": "fcfcf919c0fa1ade48ee481cac2c98172d3e98b3",
				"ip": "0.0.0.0",
				"port": 26656
			},
			"buckets": [
				243
			],
			"attempts": 0,
			"bucket_type": 1,
			"last_attempt": "2023-01-12T23:18:43.424835594+01:00",
			"last_success": "0001-01-01T00:00:00Z",
			"last_ban_time": "0001-01-01T00:00:00Z"
		},
		{
			"addr": {
				"id": "9b87e7e719782b8ff98b0ed271118c13f0b900e4",
				"ip": "65.109.108.152",
				"port": 29056
			},
			"src": {
				"id": "fcfcf919c0fa1ade48ee481cac2c98172d3e98b3",
				"ip": "0.0.0.0",
				"port": 26656
			},
			"buckets": [
				106
			],
			"attempts": 0,
			"bucket_type": 1,
			"last_attempt": "2023-01-12T23:18:43.424850473+01:00",
			"last_success": "0001-01-01T00:00:00Z",
			"last_ban_time": "0001-01-01T00:00:00Z"
		},
		{
			"addr": {
				"id": "beecdc943ae4b425251cc62e1c5c52cc2f4425a5",
				"ip": "63.32.210.222",
				"port": 26656
			},
			"src": {
				"id": "fcfcf919c0fa1ade48ee481cac2c98172d3e98b3",
				"ip": "0.0.0.0",
				"port": 26656
			},
			"buckets": [
				61
			],
			"attempts": 0,
			"bucket_type": 1,
			"last_attempt": "2023-01-12T23:18:43.424699127+01:00",
			"last_success": "0001-01-01T00:00:00Z",
			"last_ban_time": "0001-01-01T00:00:00Z"
		},
		{
			"addr": {
				"id": "e72449a181774fbbb42d1485c09f0f83107ccc11",
				"ip": "65.108.199.210",
				"port": 26656
			},
			"src": {
				"id": "fcfcf919c0fa1ade48ee481cac2c98172d3e98b3",
				"ip": "0.0.0.0",
				"port": 26656
			},
			"buckets": [
				144
			],
			"attempts": 0,
			"bucket_type": 1,
			"last_attempt": "2023-01-12T23:18:43.424545672+01:00",
			"last_success": "0001-01-01T00:00:00Z",
			"last_ban_time": "0001-01-01T00:00:00Z"
		},
		{
			"addr": {
				"id": "7959e9dd23424ccdef795a443a89a3536cc6021b",
				"ip": "77.241.194.155",
				"port": 26656
			},
			"src": {
				"id": "fcfcf919c0fa1ade48ee481cac2c98172d3e98b3",
				"ip": "0.0.0.0",
				"port": 26656
			},
			"buckets": [
				144
			],
			"attempts": 0,
			"bucket_type": 1,
			"last_attempt": "2023-01-12T23:18:43.424733666+01:00",
			"last_success": "0001-01-01T00:00:00Z",
			"last_ban_time": "0001-01-01T00:00:00Z"
		},
		{
			"addr": {
				"id": "5b6a4213b4dc05a68082ade4c01b27e0acf4c562",
				"ip": "147.182.159.116",
				"port": 26656
			},
			"src": {
				"id": "fcfcf919c0fa1ade48ee481cac2c98172d3e98b3",
				"ip": "0.0.0.0",
				"port": 26656
			},
			"buckets": [
				139
			],
			"attempts": 0,
			"bucket_type": 1,
			"last_attempt": "2023-01-12T23:18:43.424776715+01:00",
			"last_success": "0001-01-01T00:00:00Z",
			"last_ban_time": "0001-01-01T00:00:00Z"
		},
		{
			"addr": {
				"id": "4d6cfd5613a354081954299c098e72bf998019eb",
				"ip": "35.207.144.245",
				"port": 26656
			},
			"src": {
				"id": "fcfcf919c0fa1ade48ee481cac2c98172d3e98b3",
				"ip": "0.0.0.0",
				"port": 26656
			},
			"buckets": [
				92
			],
			"attempts": 0,
			"bucket_type": 1,
			"last_attempt": "2023-01-12T23:18:43.424575531+01:00",
			"last_success": "0001-01-01T00:00:00Z",
			"last_ban_time": "0001-01-01T00:00:00Z"
		},
		{
			"addr": {
				"id": "9f4faffebf3a18e828eb0141efef84b904977a38",
				"ip": "65.108.225.158",
				"port": 26656
			},
			"src": {
				"id": "fcfcf919c0fa1ade48ee481cac2c98172d3e98b3",
				"ip": "0.0.0.0",
				"port": 26656
			},
			"buckets": [
				144
			],
			"attempts": 0,
			"bucket_type": 1,
			"last_attempt": "2023-01-12T23:18:43.42460591+01:00",
			"last_success": "0001-01-01T00:00:00Z",
			"last_ban_time": "0001-01-01T00:00:00Z"
		},
		{
			"addr": {
				"id": "740b702b15e6e5a69252e62bb866b63b8c563fb7",
				"ip": "93.115.25.19",
				"port": 26656
			},
			"src": {
				"id": "fcfcf919c0fa1ade48ee481cac2c98172d3e98b3",
				"ip": "0.0.0.0",
				"port": 26656
			},
			"buckets": [
				199
			],
			"attempts": 0,
			"bucket_type": 1,
			"last_attempt": "2023-01-12T23:18:43.424643539+01:00",
			"last_success": "0001-01-01T00:00:00Z",
			"last_ban_time": "0001-01-01T00:00:00Z"
		},
		{
			"addr": {
				"id": "70a8a61e51f669c781d1c8dfcaa05694ee2091c2",
				"ip": "103.69.193.38",
				"port": 26656
			},
			"src": {
				"id": "fcfcf919c0fa1ade48ee481cac2c98172d3e98b3",
				"ip": "0.0.0.0",
				"port": 26656
			},
			"buckets": [
				214
			],
			"attempts": 0,
			"bucket_type": 1,
			"last_attempt": "2023-01-12T23:18:43.424861103+01:00",
			"last_success": "0001-01-01T00:00:00Z",
			"last_ban_time": "0001-01-01T00:00:00Z"
		},
		{
			"addr": {
				"id": "ede67b64a67bd54f233bd0757460403bc80d3ae9",
				"ip": "149.28.31.173",
				"port": 26656
			},
			"src": {
				"id": "fcfcf919c0fa1ade48ee481cac2c98172d3e98b3",
				"ip": "0.0.0.0",
				"port": 26656
			},
			"buckets": [
				127
			],
			"attempts": 0,
			"bucket_type": 1,
			"last_attempt": "2023-01-12T23:18:43.424840553+01:00",
			"last_success": "0001-01-01T00:00:00Z",
			"last_ban_time": "0001-01-01T00:00:00Z"
		},
		{
			"addr": {
				"id": "993a2fdea2d0090b4d2e0ce9317c349c28bc033f",
				"ip": "212.51.129.108",
				"port": 26656
			},
			"src": {
				"id": "fcfcf919c0fa1ade48ee481cac2c98172d3e98b3",
				"ip": "0.0.0.0",
				"port": 26656
			},
			"buckets": [
				214
			],
			"attempts": 0,
			"bucket_type": 1,
			"last_attempt": "2023-01-12T23:18:43.424581801+01:00",
			"last_success": "0001-01-01T00:00:00Z",
			"last_ban_time": "0001-01-01T00:00:00Z"
		},
		{
			"addr": {
				"id": "6d575cad026414aac85c7be03fc3593c7dc3d3e0",
				"ip": "80.64.208.172",
				"port": 26656
			},
			"src": {
				"id": "fcfcf919c0fa1ade48ee481cac2c98172d3e98b3",
				"ip": "0.0.0.0",
				"port": 26656
			},
			"buckets": [
				161
			],
			"attempts": 0,
			"bucket_type": 1,
			"last_attempt": "2023-01-12T23:18:43.424782335+01:00",
			"last_success": "0001-01-01T00:00:00Z",
			"last_ban_time": "0001-01-01T00:00:00Z"
		},
		{
			"addr": {
				"id": "14e91d508c27d026ac71e3c7ead9ac81d86945bb",
				"ip": "65.109.106.214",
				"port": 26656
			},
			"src": {
				"id": "fcfcf919c0fa1ade48ee481cac2c98172d3e98b3",
				"ip": "0.0.0.0",
				"port": 26656
			},
			"buckets": [
				106
			],
			"attempts": 0,
			"bucket_type": 1,
			"last_attempt": "2023-01-12T23:18:43.424807754+01:00",
			"last_success": "0001-01-01T00:00:00Z",
			"last_ban_time": "0001-01-01T00:00:00Z"
		},
		{
			"addr": {
				"id": "949e5b685a4426774bb8944eae9823acb97076f8",
				"ip": "185.10.140.93",
				"port": 26656
			},
			"src": {
				"id": "fcfcf919c0fa1ade48ee481cac2c98172d3e98b3",
				"ip": "0.0.0.0",
				"port": 26656
			},
			"buckets": [
				61
			],
			"attempts": 0,
			"bucket_type": 1,
			"last_attempt": "2023-01-12T23:18:43.424822954+01:00",
			"last_success": "0001-01-01T00:00:00Z",
			"last_ban_time": "0001-01-01T00:00:00Z"
		},
		{
			"addr": {
				"id": "2e819155cf873df973445168b4c50d44a9ef2ab5",
				"ip": "51.38.53.103",
				"port": 26656
			},
			"src": {
				"id": "fcfcf919c0fa1ade48ee481cac2c98172d3e98b3",
				"ip": "0.0.0.0",
				"port": 26656
			},
			"buckets": [
				97
			],
			"attempts": 0,
			"bucket_type": 1,
			"last_attempt": "2023-01-12T23:18:43.424658848+01:00",
			"last_success": "0001-01-01T00:00:00Z",
			"last_ban_time": "0001-01-01T00:00:00Z"
		},
		{
			"addr": {
				"id": "6ccd033c81356d5de41d29086659dd6d5e01095c",
				"ip": "54.36.166.159",
				"port": 26656
			},
			"src": {
				"id": "fcfcf919c0fa1ade48ee481cac2c98172d3e98b3",
				"ip": "0.0.0.0",
				"port": 26656
			},
			"buckets": [
				221
			],
			"attempts": 0,
			"bucket_type": 1,
			"last_attempt": "2023-01-12T23:18:43.424714187+01:00",
			"last_success": "0001-01-01T00:00:00Z",
			"last_ban_time": "0001-01-01T00:00:00Z"
		},
		{
			"addr": {
				"id": "f3ed5a75241ae8a240a6ff2081c0299cc4c68860",
				"ip": "18.202.229.149",
				"port": 26656
			},
			"src": {
				"id": "fcfcf919c0fa1ade48ee481cac2c98172d3e98b3",
				"ip": "0.0.0.0",
				"port": 26656
			},
			"buckets": [
				97
			],
			"attempts": 0,
			"bucket_type": 1,
			"last_attempt": "2023-01-12T23:18:43.424727937+01:00",
			"last_success": "0001-01-01T00:00:00Z",
			"last_ban_time": "0001-01-01T00:00:00Z"
		},
		{
			"addr": {
				"id": "d6ab30f7f0b8ab625c814480787c5543619ae269",
				"ip": "51.91.105.170",
				"port": 26656
			},
			"src": {
				"id": "fcfcf919c0fa1ade48ee481cac2c98172d3e98b3",
				"ip": "0.0.0.0",
				"port": 26656
			},
			"buckets": [
				160
			],
			"attempts": 0,
			"bucket_type": 1,
			"last_attempt": "2023-01-12T23:18:43.424766505+01:00",
			"last_success": "0001-01-01T00:00:00Z",
			"last_ban_time": "0001-01-01T00:00:00Z"
		},
		{
			"addr": {
				"id": "241c1840696e12e8f6ad4b01eeb13254aa748536",
				"ip": "162.19.169.12",
				"port": 26656
			},
			"src": {
				"id": "fcfcf919c0fa1ade48ee481cac2c98172d3e98b3",
				"ip": "0.0.0.0",
				"port": 26656
			},
			"buckets": [
				240
			],
			"attempts": 0,
			"bucket_type": 1,
			"last_attempt": "2023-01-12T23:18:43.424792655+01:00",
			"last_success": "0001-01-01T00:00:00Z",
			"last_ban_time": "0001-01-01T00:00:00Z"
		},
		{
			"addr": {
				"id": "ede26688e04fe40dc5f0b253131ffa509a2e0cfa",
				"ip": "138.197.160.81",
				"port": 26656
			},
			"src": {
				"id": "fcfcf919c0fa1ade48ee481cac2c98172d3e98b3",
				"ip": "0.0.0.0",
				"port": 26656
			},
			"buckets": [
				240
			],
			"attempts": 0,
			"bucket_type": 1,
			"last_attempt": "2023-01-12T23:18:43.424761456+01:00",
			"last_success": "0001-01-01T00:00:00Z",
			"last_ban_time": "0001-01-01T00:00:00Z"
		},
		{
			"addr": {
				"id": "16f74387ff4f60f3725d606ada03e922ba547de0",
				"ip": "43.201.126.213",
				"port": 26656
			},
			"src": {
				"id": "fcfcf919c0fa1ade48ee481cac2c98172d3e98b3",
				"ip": "0.0.0.0",
				"port": 26656
			},
			"buckets": [
				229
			],
			"attempts": 0,
			"bucket_type": 1,
			"last_attempt": "2023-01-12T23:18:43.424534912+01:00",
			"last_success": "0001-01-01T00:00:00Z",
			"last_ban_time": "0001-01-01T00:00:00Z"
		},
		{
			"addr": {
				"id": "a8fad546eb4302b67b3bb6112e8ff16bab2dcfef",
				"ip": "143.244.196.53",
				"port": 26656
			},
			"src": {
				"id": "fcfcf919c0fa1ade48ee481cac2c98172d3e98b3",
				"ip": "0.0.0.0",
				"port": 26656
			},
			"buckets": [
				160
			],
			"attempts": 0,
			"bucket_type": 1,
			"last_attempt": "2023-01-12T23:18:43.424669838+01:00",
			"last_success": "0001-01-01T00:00:00Z",
			"last_ban_time": "0001-01-01T00:00:00Z"
		},
		{
			"addr": {
				"id": "e15353176a79c9f97b62cddd65eed2ef17d9f6be",
				"ip": "99.230.250.213",
				"port": 26656
			},
			"src": {
				"id": "fcfcf919c0fa1ade48ee481cac2c98172d3e98b3",
				"ip": "0.0.0.0",
				"port": 26656
			},
			"buckets": [
				160
			],
			"attempts": 0,
			"bucket_type": 1,
			"last_attempt": "2023-01-12T23:18:43.424802664+01:00",
			"last_success": "0001-01-01T00:00:00Z",
			"last_ban_time": "0001-01-01T00:00:00Z"
		},
		{
			"addr": {
				"id": "ed1e09152bd723a32d24ca088d9d72a0bc50d4f6",
				"ip": "65.108.131.189",
				"port": 26656
			},
			"src": {
				"id": "fcfcf919c0fa1ade48ee481cac2c98172d3e98b3",
				"ip": "0.0.0.0",
				"port": 26656
			},
			"buckets": [
				144
			],
			"attempts": 0,
			"bucket_type": 1,
			"last_attempt": "2023-01-12T23:18:43.424629699+01:00",
			"last_success": "0001-01-01T00:00:00Z",
			"last_ban_time": "0001-01-01T00:00:00Z"
		},
		{
			"addr": {
				"id": "96d2fc05302c1c3fc38e25b632ffe3b8db507406",
				"ip": "159.203.12.165",
				"port": 26656
			},
			"src": {
				"id": "fcfcf919c0fa1ade48ee481cac2c98172d3e98b3",
				"ip": "0.0.0.0",
				"port": 26656
			},
			"buckets": [
				144
			],
			"attempts": 0,
			"bucket_type": 1,
			"last_attempt": "2023-01-12T23:18:43.424648679+01:00",
			"last_success": "0001-01-01T00:00:00Z",
			"last_ban_time": "0001-01-01T00:00:00Z"
		},
		{
			"addr": {
				"id": "e3f86246a68f78b9c4069120b26420970106d164",
				"ip": "178.62.44.130",
				"port": 26656
			},
			"src": {
				"id": "fcfcf919c0fa1ade48ee481cac2c98172d3e98b3",
				"ip": "0.0.0.0",
				"port": 26656
			},
			"buckets": [
				127
			],
			"attempts": 0,
			"bucket_type": 1,
			"last_attempt": "2023-01-12T23:18:43.424675178+01:00",
			"last_success": "0001-01-01T00:00:00Z",
			"last_ban_time": "0001-01-01T00:00:00Z"
		},
		{
			"addr": {
				"id": "224da8f3ba13c0e5f95bf732df4d507c921ba2de",
				"ip": "173.212.223.233",
				"port": 36656
			},
			"src": {
				"id": "fcfcf919c0fa1ade48ee481cac2c98172d3e98b3",
				"ip": "0.0.0.0",
				"port": 26656
			},
			"buckets": [
				89
			],
			"attempts": 0,
			"bucket_type": 1,
			"last_attempt": "2023-01-12T23:18:43.424812704+01:00",
			"last_success": "0001-01-01T00:00:00Z",
			"last_ban_time": "0001-01-01T00:00:00Z"
		}
	]
}